[
  {
    "title": "Mindful Sketching",
    "category": "Creativity",
    "description": "Spend 10 minutes sketching anything around you mindfully without judgment."
  },
  {
    "title": "Deep Breathing",
    "category": "Mindfulness",
    "description": "Practice 5 minutes of deep breathing: inhale for 4 seconds, hold for 4, exhale for 6."
  },
  {
    "title": "Gratitude Journal",
    "category": "Mindfulness",
    "description": "Write down 3 things you're grateful for today."
  },
  {
    "title": "Desk Stretches",
    "category": "Physical",
    "description": "Do 5 minutes of stretching exercises at your desk or workspace."
  },
  {
    "title": "Speed Reading",
    "category": "Learning",
    "description": "Practice speed reading for 10 minutes using an article or book."
  },
  {
    "title": "Positive Affirmation",
    "category": "Mindfulness",
    "description": "Repeat a positive affirmation to yourself 10 times with conviction."
  },
  {
    "title": "Pomodoro Technique",
    "category": "Productivity",
    "description": "Work for 25 minutes, then take a 5-minute break. Repeat 4 times."
  },
  {
    "title": "Digital Detox",
    "category": "Focus",
    "description": "Spend 30 minutes without checking your phone or computer."
  },
  {
    "title": "Compliment Someone",
    "category": "Social",
    "description": "Give a genuine compliment to someone today."
  },
  {
    "title": "Learn a New Word",
    "category": "Learning",
    "description": "Learn and use a new word in conversation today."
  }
  // Additional skills would be added here to reach 150+
]